Company Name,Company Type,Industry Sector,Description ,Area,Location,Website,LinkedIn Profile,Employees
Accuronix Therapeutics,Research & Development,Cancer/Oncology,"Startup developing novel cancer therapies, with a focus on pancreatic cancer.",St. Louis City,"4340 Duncan Ave # 210
Saint Louis, MO, 63110-1110",https://builtin.com/companies/location/st-louis/type/biotech-companies,,2-10
Aclaris Therapeutics (R&D),,Pharmaceutical,,,"4340 Duncan Ave
Suite 400
Saint Louis, MO, 63110-1110",https://www.aclaristx.com/,https://www.linkedin.com/company/aclaris-therapeutics-inc-,11-50
Aferna,,Agriculture,,,"1100 Corporate Square Dr.
Suite 175
Saint Louis, MO 63132
United States",https://www.afernabio.com/,https://www.linkedin.com/company/aferna,11-50
Agragene,,Agriculture,,,"1100 Corporate Square Dr.
Suite 264
Saint Louis, MO 63132",https://www.agragene.com/,https://www.linkedin.com/company/agragene-inc,11-50
Agrela Ecosystems,,AgTech,,,"1100 Corporate Square Dr.
Suite 210
St Louis, Missouri 63132, US",https://www.agrelaeco.com/,https://www.linkedin.com/company/agrela-ecosystems,2-10
Agxelerators,,Agriculture,,,"877 N East St. #304, Indianapolis, IN 46202",https://agxelerators.com/,https://www.linkedin.com/company/agxelerators,2-10
AirSeal Cardiovascular ,,,,,,,,
Allied Blending LP,,(NOT Biotech) Food Ingredients,,,,https://www.alliedblending.com,https://www.linkedin.com/company/allied-blending-lp,
Amplifi Vascular,,Biotechnology,,,"743 Spirit 40 Park Dr.
Chesterfield, MO 63005
Suite #237",https://amplifivascular.com/,https://www.linkedin.com/company/amplifi-vascular-inc,11-50
Apertus Pharmaceuticals,,Pharmaceutical,,,"331 Consort Dr.
St. Louis, MO 63011, US",https://apertuspharma.com/,https://www.linkedin.com/company/apertus-pharmaceuticals,
Arch Grain Technologies,,Agriculture,,,"4340 Duncan Avenue Suite #205
Saint Louis, MO 63110",https://www.archgraintechnologies.com/contact,,2-10
Armor Medical,,,,,,,,
ArrayBridge,,Pharmaceutical,,,"4340 Duncan Ave, Suite 222, St. Louis, MO 63110",https://stores.arraybridge.com/,https://www.linkedin.com/company/array-bridge-inc-,2-10
Aurenar,,Wearable Devices (NEURO),,,,https://www.aurenar.com/,https://www.linkedin.com/company/aurenar-inc,2-10
Avadel Pharmaceuticals,,Pharmaceutical,,,"Block 10-1, Blanchardstown Corporate Park
Ballycoolin
Dublin, 15, IE",https://www.avadel.com,https://www.linkedin.com/company/avadel-pharmaceuticals,51-200
Avantor,,,,,,,,
Axioforce,,Sports Technology,,,"341 Conway Hill Road, St. Louis, MO 63141-7239",https://www.axioforce.com/,https://www.linkedin.com/company/axioforce,2-10
BacterioScan,,Medical Devices,,,"2210 Welsch Industrial Ct
St Louis, Missouri 63146, US",https://builtin.com/companies/location/st-louis/type/biotech-companies,https://www.linkedin.com/company/bacterioscan-inc-,11-50
Bausch & Lomb,,,,,,,,
Bayer CropScience,,Agriculture: Pharmaceutical,,,"800 N. Lindbergh Blvd.
St. Louis, MO 63167",https://www.bayer.com,https://www.linkedin.com/company/bayer,10001
Benson Hill,,Agriculture: Food Innovation,,,"1001 North Warson Rd
St Louis, Missouri 63132, US",https://bensonhill.com,https://www.linkedin.com/company/benson-hill,51-200
bioio,,Health Sciences,,,"4340 Duncan Ave
236
St Louis, Missouri 63110, US",https://www.bioio.tech/,https://www.linkedin.com/company/bio-io,2-10
bioMérieux,,Biotech,,,"595 Anglum Rd
Hazelwood, MO 63042, US",https://www.biomerieux.com,https://www.linkedin.com/company/biomerieux,10001
WellSky,,Health Software,,,"11300 Switzer Rd
Overland Park, Kansas 66210, US",https://wellsky.com/,https://www.linkedin.com/company/wellsky,1001-5000
Bond Biosciences,,Pharmaceutical,,,"170 English Landing Dr
Suite 201B
Parkville, Missouri 64152, US",https://bond.bio/,https://www.linkedin.com/company/bond-biosciences,2-10
BRDG Park,,Agriculture: Biotech Incubator,,,"1005 N. Warson Road
Saint Louis, MO 63132, US",https://brdgpark.com,https://www.linkedin.com/company/brdg-park,201-500
Bruker Spatial Biology,,Research Instruments,,,,https://brukerspatialbiology.com/,https://www.linkedin.com/company/bruker-spatial,201-500
C2N Diagnostics,,Diagnostics: Alzheimer’s Research,,,"20 S Sarah St
St Louis, Missouri 63108, US",https://c2n.com/,https://www.linkedin.com/company/c2n-diagnostics,51-200
Cadre Bioscience,,Biotechnology: Oncology,,,"4340 Duncan Ave, St. Louis, MO 63110",https://www.cadrebio.com,https://www.linkedin.com/company/cadre-bioscience,2-10
Canopy Biosciences,,Biotechnology,,,"4340 Duncan Ave, St. Louis, MO 63110",https://www.canopybiosciences.com,https://www.linkedin.com/company/canopy-biosciences,51-200
CapyBio,,Cellular Bio,,,"4340 Duncan Ave, St. Louis, MO 63110",,https://www.linkedin.com/company/capybio,2-10
Cofactor Genomics,,Genomics: Diagnostics,,,"4044 Clayton Ave
Saint Louis, MO 63110, US",https://en.wikipedia.org/wiki/Cofactor_Genomics,https://www.linkedin.com/company/cofactor-genomics,11-50
Confluence Discovery Technologies,,Pharmaceutical: Drug Discovery,,,"4340 Duncan Avenue
Suite 400
Saint Louis, MO 63110
United States",https://confluencediscovery.com,https://www.linkedin.com/company/confluence-discovery-technologies,11-50
Corza Medical,,,,,,,,
CoverCress Inc.,,AgTech,,,"10407 Baur Blvd
Suite A
St Louis, Missouri 63132, US",https://www.covercress.com,https://www.linkedin.com/company/covercress-inc,11-50
CQuesta,,Biotechnology,,,"208 North Green Street
Room 312
Chicago, IL 60607-1702
United States",https://www.cquestallc.com,https://www.linkedin.com/company/cquesta,2-10
CSL Plasma,,Biotech,,,,https://www.cslplasma.com,https://www.linkedin.com/company/csl-plasma,10001
CTC Genomics,,Agriculture: Biotechnology,,,"1005 N Warson Rd, St. Louis, MO 63132",https://www.ctc.com.br,https://www.linkedin.com/company/ctc-genomics,
Curium Pharma,,Pharmaceutical: Cancer,,,Maryland Heights,https://www.curiumpharma.com,https://www.linkedin.com/company/curium-pharma,
Danforth Technology Company,,Biotechnology Incubator,,,,https://danforthtechnology.com/,https://www.linkedin.com/company/danforthtechnology,
Daya CNS,,"Biotechnology   CNS, Pain & Addiction Therapeutics",,,"204 City Gate Lane, Saint Peters, MO 63303",dayacns.com,LinkedIn,2-10
Definitive Diagnostics ,,,,,,,,
Donald Danforth Plant Science Center,,Nonprofit Research   Plant & Agricultural Biotechnology,,,"975 N Warson Rd, Olivette, MO 63132",danforthcenter.org,LinkedIn,201-500
Edison Electrosciences,,Renewable Energy / Biotechnology,,,"1100 Corporate Square Dr, St. Louis, MO 63132.",https://edisonagrosciences.com/,LinkedIn,51-200
Elekta,,Medical Technology   Oncology / Radiotherapy,,,,elekta.com,LinkedIn,5001-10000
Elemental Enzymes,,Agricultural Biotechnology,,,"940 W Port Plaza Dr # 101, St. Louis, MO 63146",elementalenzymes.com,LinkedIn,51-200
Eli Lilly and Company,,Pharmaceutical Manufacturing,,,,lilly.com,LinkedIn,5001-10000
Elira Therapeutics,,Medical Devices / Neuromodulation,,,,eliratherapeutics.com,LinkedIn,11-50
EpiCrop Technologies,,Agricultural Biotechnology   Epigenetic Crop Improvement,,,"1005 North Warson Rd., Ste. 401B. St. Louis, MO 63132",https://epicrop.com/ EpiCrop Technologies+1,https://www.linkedin.com/company/epicrop-technologies-inc/ LinkedIn,
Equator Therapeutics,,Biotechnology   Metabolic / Therapeutics,,,"4340 Duncan Ave Suite 201, St. Louis, MO 63110",https://equatortherapeutics.com/ Equator Therapeutics+1,https://www.linkedin.com/company/equator-therapeutics/ LinkedIn,
"Euclises Pharmaceuticals, Inc.",,Biotechnology   Drug Discovery & Development,,,"4320 Forest Park Ave Study, St. Louis, MO 63108",https://www.euclises.com/,https://www.linkedin.com/company/euclises-pharmaceuticals/,
Euphrates Vascular,,Medical Device / Biotechnology   Interventional Medicine,,,"8460 Watson Rd Suite 112, St. Louis, MO 63119",https://www.euphratesvascular.com/,https://www.linkedin.com/company/euphrates-vascular/,
Express Scripts,,Pharmaceutical Services,,,4600 N Hanley Rd,https://www.express-scripts.com,https://www.linkedin.com/company/express-scripts,10001
EyePromise,,,,,,,,
Ferris Genomics Inc.,,Agricultural Genomics / Biotechnology,,,"1100 Corporate Square Drive · Suite 150-15 · Saint Louis, MO 63132",https://www.ferrisgenomics.com/, ,
ForgeHealth,,,,,,,,
Forward Defense,,security consulting firm,,,"6 Watch Hill Road, Saint Louis, MO 63124",https://www.inknowvation.com/sbir/companies/forward-defense-llc,https://www.linkedin.com/company/forwarddefense/,2-10
Freudenthal Home Based Healthcare,,,,,,,,
Fuse (Bayer Digital Farming),,Ag-tech / Digital Farming Platform,,,,https://www.fusesmartfarming.com/ Fuse Smart Farming,https://www.linkedin.com/company/fuse-smart-farming/,
G-Biosciences,,Biotech,,,,https://www.gbiosciences.com,https://www.linkedin.com/company/g-biosciences,11-50
Galera Therapeutics,,Biotechnology / Pharma   Oncology Support Therapies,,,"101 Lindenwood Drive, Suite 225",https://www.galeratx.com/,https://www.linkedin.com/company/galera-therapeutics/,11-50
Geneoscopy,,Diagnostics,,,"2220 Welsch Industrial Ct, St. Louis, MO 63146",https://www.geneoscopy.com,https://www.linkedin.com/company/geneoscopy,51-200
"Graematter, Inc.",,Regulatory Intelligence / Med-tech Software,,,"Ballwin, MO, USA LinkedIn+1",https://graematter.com/ Graematter Inc+1,https://www.linkedin.com/company/graematter-inc-/ LinkedIn,
GreenLight Biosciences,,Agricultural Biotechnology / RNA-based crop technologies,,,,https://www.greenlightbiosciences.com/ GreenLight Biosciences+2GreenLight Biosciences+2,https://www.linkedin.com/company/greenlight-biosciences/,11-50
Grifols,,Biopharma / Plasma-derived therapies,,,"5121 Delmar Blvd, St. Louis, MO 63108",grifols.com,LinkedIn,
Haleon ,,,,,,,,
ICL Group,Manufacturing & Production,Agriculture & Food,"Global specialty minerals and chemical company advancing sustainable agriculture, food, and industrial solutions through innovative biotech-driven manufacturing and research.",St. Louis City,"8201 Idaho Ave, St. Louis, MO 63111",icl-group.com,LinkedIn,51-200
Immunophotonics,Research & Development,Cancer/Oncology,Clinical-stage biotechnology company developing novel immunotherapy drugs that convert tumors into personalized cancer vaccines to improve patient outcomes.,St. Louis City,"4340 Duncan Ave Suite 212, St. Louis, MO 63110",immunophotonics.com,LinkedIn,11-50
Impetus Agriculture,Research & Development,Agriculture & Food,"Biotechnology company developing insect-control biologics that activate plant immune pathways to provide sustainable, non-toxic crop protection.",,"4340 Duncan Ave, St. Louis, MO 63110",impetusag.com,LinkedIn,11-50
Intact Genomics,"Tools, Instrumentation, & Platforms",Enabling Tools & Platforms,"Biotechnology company that develops and supplies advanced DNA tools, reagents, and mega-insert cloning technologies to accelerate genomics research and synthetic biology.",Mid St. Louis County,"11840 Westline Industrial Dr Suite 120, St. Louis, MO 63146",intactgenomics.com,LinkedIn,51-200
Intent,Research & Development,Agriculture & Food,"Agricultural biotechnology company developing RNA-based biopesticides that provide precise, environmentally safe crop protection without traditional chemicals.",Mid St. Louis County,"1100 Corporate Square Dr. Suite 214 / St. Louis, MO 63162",intent.ag,LinkedIn,51-200
"InterShunt Technologies, Inc.",Research & Development,Heart & Metabolic Health,Medical device company developing a minimally invasive implant that reduces left atrial pressure for patients with heart failure.,St. Louis City,"4320 Forest Park Ave. St Louis, Missouri, US",intershunt.com ,LinkedIn LinkedIn,
Jost Chemical ,Manufacturing & Production,Industrial Biotech & Materials,"Manufacturer specializing in high-purity mineral salts and specialty chemicals used in pharmaceuticals, nutrition, and biotech production.",North St. Louis County,"8150 Lackland Rd, St. Louis, MO 63114",https://www.jostchemical.com/,https://www.linkedin.com/company/jost-chemical-co-/,201-500
Kindeva,Contract Services,Pharmaceuticals,"Global drug delivery company with major operations in St. Louis, specializing in developing and manufacturing inhalation, transdermal, and injectable drug-delivery systems for pharmaceutical partners.",Mid St. Louis County,"1945 Craig Rd, St. Louis, MO 63146",https://www.kindevadd.com/,https://www.linkedin.com/company/kindeva/,1001-5000
"Kinimmune, Inc.",Research & Development,Cancer/Oncology,Biotechnology company developing next-generation immunotherapies that harness innate immune pathways to treat cancer and other serious diseases,St. Louis City,"4340 Duncan Ave, Suite 276, St. Louis, MO 63110",https://kinimmune.bio/,https://www.linkedin.com/company/kinimmune-inc/,2-10
Kultevat,Research & Development,Industrial Biotech & Materials,Industrial biotechnology company developing sustainable natural rubber from Russian dandelions as an alternative to petroleum-based and imported rubber sources.,Mid St. Louis County,"1100 Corporate Square Dr #261, St. Louis, MO 63132",https://kultevat.com,,
KWS Gateway Research Center,Research & Development,Agriculture & Food,"St. Louis innovation hub of KWS, where scientists develop advanced seed traits and crop genetics to improve global agricultural productivity and sustainability.",Mid St. Louis County,"1005 N Warson Rd, St. Louis, MO 63132",https://www.kws.com/,,
Kypha Inc.,Research & Development,Medical Devices & Diagnostics,Diagnostics company developing rapid immune monitoring assays and analytics to measure inflammation and guide clinical decision-making.,St. Louis City,"4340 Duncan Ave Ste 204, St. Louis, MO 63110",https://kypha.net/,https://www.linkedin.com/company/kypha-inc/ LinkedIn,11-50
Legacy Pharmaceutical Solutions,Business & Technical Services,Pharmaceuticals,"Pharmaceutical logistics and distribution company providing medication repackaging, supply chain management, and specialty fulfillment services for healthcare providers and pharmacies.",North St. Louis County,"13333 Lakefront Dr, Earth City, MO 63045",https://www.legacypackaging.com,https://www.linkedin.com/company/legacy-pharmaceutical-packaging,201-500
Leinco Technologies ,Manufacturing & Production,Enabling Tools & Platforms,"Biotechnology company that manufactures high-quality antibodies, recombinant proteins, and custom assay reagents for biopharmaceutical and diagnostic research.",South St. Louis County,"410 Axminister Dr, Fenton, MO 63026",https://www.leinco.com/,https://www.linkedin.com/company/leinco-technologies/,51-200
LiquidCell Dx,Research & Development,Cancer/Oncology,Diagnostics company developing point-of-care liquid biopsy technology that isolates intact circulating tumor cells for earlier and less invasive cancer detection.,St. Louis City,"4240 Duncan Avenue. Suite 110. St. Louis, MO 63110. 314-747-1794.",https://liquidcelldx.com/#about,https://www.linkedin.com/company/liquidcell-dx/,2-10
Lymbus Oncology,Research & Development,Cancer/Oncology,Biopharmaceutical company developing small-molecule cancer therapies that target tumor immune evasion and resistance pathways.,St. Louis City,"4512 West Pine Boulevard
Saint Louis, MO 63108",,,
Magellan Health,Business & Technical Services,Digital Health & Clinical Tech,"National healthcare management company with major operations in St. Louis, specializing in behavioral health services, pharmacy benefit management, and complex care coordination for health systems, employers, and government programs.",Mid St. Louis County,"13500 Riverport Dr, Maryland Heights, MO 63043",https://www.magellanhealth.com,https://www.linkedin.com/company/magellan-health,1001-5000
Mallinckrodt Pharmaceuticals,Manufacturing & Production,Pharmaceuticals,"Global specialty pharmaceutical company with significant St. Louis operations, developing, manufacturing, and commercializing branded and generic medicines for rare diseases, autoimmune disorders, and pain management.",North St. Louis County,"675 James S. McDonnell Blvd, Hazelwood, MO 63042",https://www.mallinckrodt.com,https://www.linkedin.com/company/mallinckrodt-pharmaceuticals,1001-5000
MediBeacon,Research & Development,Medical Devices & Diagnostics,Medical device company developing fluorescent tracer-based optical monitoring systems that enable real-time kidney function measurement without blood draws.,Mid St. Louis County,"425 N New Ballas Rd, Creve Coeur, MO 63141",https://www.medibeacon.com,https://www.linkedin.com/company/medibeacon,11-50
Mediomics,"Tools, Instrumentation, & Platforms",Enabling Tools & Platforms,"Biotechnology company that develops rapid, antibody-based biosensor assays and detection kits for research, diagnostic, and industrial applications.",St. Louis City,"5445 Highland Park Dr, St. Louis, MO 63110",https://www.mediomics.com,https://www.linkedin.com/company/mediomics,2-10
Merck,Manufacturing & Production,Industrial Biotech & Materials,"Major global manufacturing and innovation hub for high-performance reagents, enzymes, and chemicals used in pharmaceutical development, diagnostics, and biotech research.",St. Louis City,"2909 Laclede Ave St. Louis, MO 63103",https://www.merck.com,https://www.linkedin.com/company/merck,5001-10000
Metablify,"Tools, Instrumentation, & Platforms",Enabling Tools & Platforms,"Biotech startup developing advanced metabolomics analytics and AI-driven data tools to accelerate biological discovery, drug development, and precision health research.",St. Louis City,"2315 Locust St Suite 2b St. Louis, MO 63103",https://metablify.com/,,2-10
MilliporeSigma,Manufacturing & Production,Industrial Biotech & Materials,"Major global center for manufacturing high-purity chemicals, reagents, and biologics, as well as developing advanced tools and technologies that support pharmaceutical, diagnostic, and biotech research.",St. Louis City,3050 Spruce St St. Louis Mo 63103,https://www.sigmaaldrich.com,https://www.linkedin.com/company/milliporesigma,10001
Mobius Therapeutics,Manufacturing & Production,Pharmaceuticals,Ophthalmic pharmaceutical company focused on developing and manufacturing sterile injectable formulations for use in eye surgery and ocular disease treatments.,West St. Louis County,"1000 Executive Pkwy Dr Apt 224, St. Louis, MO 63141",https://builtin.com/companies/location/st-louis/type/biotech-companies,https://www.linkedin.com/company/mobius-therapeutics-llc,11-50
Myonid,Research & Development,Heart & Metabolic Health,Biotechnology company developing therapies that stimulate muscle regeneration and combat muscle wasting disorders using small molecules that activate satellite cell repair pathways.,St. Louis City,"4340 Duncan Avenue Suite 255 Saint Louis, MO 63110
",,,11-50
Neurolutions,Research & Development,Neurotechnology & Brain Health,Neurotechnology company developing a brain–computer interface system that uses EEG signals and robotic rehabilitation to restore motor function in stroke patients.,St. Louis City,"4220 Duncan Ave, Suite 201, St. Louis, MO 63110",https://www.neurolutions.com/,,11-50
NewLeaf Symbiotics,Research & Development,Agriculture & Food,"Agricultural biotechnology company developing beneficial pink-pigmented plant bacteria (M-trophs) as microbial seed treatments and crop inputs to improve yield, sustainability, and plant health.",Mid St. Louis County,"1001 N Warson Rd, Olivette, St. Louis, MO 63132",https://newleafsym.com,https://www.linkedin.com/company/newleaf-symbiotics,11-50
Omniose,Research & Development,Pharmaceuticals,Biotechnology company developing novel carbohydrate-based conjugate vaccines that prevent invasive bacterial infections by targeting previously inaccessible microbial sugars.,St. Louis City,"4340 Duncan Avenue, Suite 202, St. Louis, MO 63110",https://www.omniose.com,https://www.linkedin.com/company/omniose,11-50
OpenCell Technologies,"Tools, Instrumentation, & Platforms",Synthetic & Engineered Biology,"Biotechnology company developing a gentle, microfluidic cell-handling platform that enables efficient intracellular delivery without viral vectors or electroporation.",St. Louis City,"4340 Duncan Avenue, Suite 202, St. Louis, MO 63110",https://www.opencelltech.com,https://www.linkedin.com/company/opencell-technologies,2-10
OxaluRx,Research & Development,Heart & Metabolic Health,Biopharmaceutical company developing small-molecule therapeutics that reduce pathological oxalate levels to treat kidney stones and rare metabolic disorders.,,,,,2-10
Pairidex,Research & Development,Pharmaceuticals,"Biotechnology company developing novel antimicrobial therapeutics for oral health, including prescription treatments that selectively target pathogenic bacteria involved in periodontal disease.",St. Louis City,"4340 Duncan Avenue Suite 213. St. Louis, MO 63110",https://pairidex.com/,https://www.linkedin.com/company/pairidex/,2-10
Panome Bio,"Tools, Instrumentation, & Platforms",Enabling Tools & Platforms,"Biotech company developing high-resolution metabolomics and pan-omic profiling tools that enable deep biological insight for drug discovery, precision medicine, and microbiome research.",St. Louis City,"4340 Duncan Avenue Suite 213. St. Louis, MO 63110",https://www.panomebio.com,https://www.linkedin.com/company/panome-bio,11-50
Partek Inc.,"Tools, Instrumentation, & Platforms",Enabling Tools & Platforms,"Bioinformatics software company providing advanced statistical and machine-learning tools for genomics, transcriptomics, and single-cell data analysis.",West St. Louis County,"12747 Olive Blvd # 205, St. Louis, MO 63141",https://builtin.com/companies/location/st-louis/type/biotech-companies,https://www.linkedin.com/company/partek-inc-,11-50
Peptyde Bio,Research & Development,Pharmaceuticals,Biotechnology company engineering peptide-based therapeutics with tunable biological activity to treat chronic and immune-mediated diseases.,,"75 Moulton St, Cambridge, MA 02138",https://peptydebio.com/,https://www.linkedin.com/company/peptydebio,
Pfizer,Research & Development,Pharmaceuticals,"Pfizer’s St. Louis operations serve as a major research and development hub focused on biotherapeutic discovery, analytical testing, and process development supporting the company’s global drug pipeline.",West St. Louis County,"875 Chesterfield Pkwy W, Chesterfield, MO 63017",https://www.pfizer.com,https://www.linkedin.com/company/pfizer,10001
PlasmaBionics,"Tools, Instrumentation, & Platforms",Animal Health & Veterinary Biotech,Veterinary biotechnology company developing cold-plasma sterilization systems that safely eliminate pathogens on animal wounds and surgical sites without antibiotics.,,"1414 South Sangre Road, Suite 101, Stillwater, OK 74074",https://plasmabionics.com/,https://www.linkedin.com/company/plasma-bionics-llc/,
"Plastomics, Inc.",Research & Development,Agriculture & Food,"Agricultural biotechnology company developing next-generation crops through chloroplast engineering, enabling stable plant transformation and improved agronomic traits.",Mid St. Louis County,"1100 Corporate Square Drive St. Louis, MO 63132",https://plastomics.com/homepages/about-us/,https://www.linkedin.com/company/plastomics,11-50
Pluton Biosciences,Research & Development,Agriculture & Food,Microbial discovery company using high-throughput soil metagenomics to identify novel microbes that enable sustainable crop protection and carbon removal.,Mid St. Louis County,"11754 Westline Industrial Dr, St. Louis, MO 63146",https://www.plutonbio.com,https://www.linkedin.com/company/pluton-biosciences,11-50
Precision Practice Management ,Business & Technical Services,Digital Health & Clinical Tech,"Healthcare services company providing medical billing, revenue cycle management, and IT support for physician practices, hospitals, and outpatient clinics nationwide.",Mid St. Louis County,"689 Craig Rd, St. Louis, MO 63141",https://www.precisionpractice.com/,https://www.linkedin.com/company/precision-practice-management/,51-200
Prognosia,"Tools, Instrumentation, & Platforms",Digital Health & Clinical Tech,Biotechnology startup developing AI-driven proteomics analytics that predict disease risk and treatment response from blood-based protein signatures.,,,https://prognosiahealth.ai/,,2-10
Quercus Biosoltions,Contract Services,Enabling Tools & Platforms,"Biotechnology company providing custom assay development, bioprocessing reagents, and analytical services to support biologics research and manufacturing.",,,https://quercusbio.com/,https://www.linkedin.com/company/quercusbio/,2-10
RhoDx,Research & Development,Medical Devices & Diagnostics,Diagnostics company developing rapid point-of-care blood tests for Rho(D) status and other immunohematology markers to improve safety in pregnancy and transfusion medicine.,St. Louis City,"4340 Duncan Ave. Suite 234 St Louis, MO 63110-1110",https://www.rhodx.com/,https://www.linkedin.com/company/rhodx/,2-10
RNAissance Ag,Research & Development,Agriculture & Food,"Agricultural biotechnology company developing RNA-based biopesticides that provide highly targeted, environmentally safe crop protection without traditional chemical pesticides.",Mid St. Louis County,"1005 North Warson Road Suite 375 St. Louis, MO 63132

",https://www.rnaissanceag.net/,https://www.linkedin.com/company/rnaissance-ag,2-10
Saluna,"Tools, Instrumentation, & Platforms",Synthetic & Engineered Biology,"Biotechnology company developing cell-free biomanufacturing platforms that enable rapid, scalable production of complex biologics using synthetic biology instead of living cells.",Mid St. Louis County,"1100 Corporate Square Drive Saint Louis, MO 63132
",https://saluna.ag/,,2-10
SAYeTECH,Manufacturing & Production,Agriculture & Food,Agriculture-technology company that designs and builds smart farming machinery and sensor solutions tailored for precision crop production.,Mid St. Louis County,"1100 Corporate Square Drive · Saint Louis, MO 63132",https://sayetech.io/,https://www.linkedin.com/company/sayetech/,2-10
Seiler Instrument & Mfg. Co.,Manufacturing & Production,Enabling Tools & Platforms,"Precision manufacturing company specializing in optical instruments, geospatial survey equipment, and medical device components for government, commercial, and scientific applications.",West St. Louis County,"3433 Tree Court Industrial Blvd, St. Louis, MO 63122",https://www.seilerinst.com,https://www.linkedin.com/company/seiler-instrument-and-manufacturing-company,201-500
SentiAR,"Tools, Instrumentation, & Platforms",Heart & Metabolic Health,Medical technology company developing an augmented-reality visualization platform that displays real-time 3D holographic cardiac imaging to improve catheter-based heart procedures.,St. Louis City,"212 Kingshighway Blvd Box #28 Suite #115, St. Louis, MO 63108",https://www.sentiar.com,https://www.linkedin.com/company/sentiar,11-50
SIM Surgical ,Manufacturing & Production,Medical Devices & Diagnostics,"Medical device manufacturer producing precision surgical instruments and custom OEM components for hospitals, distributors, and medical device companies.",West St. Louis County,"2076 Fenton Logistics Park Blvd.
St. Louis, MO 63026",https://simsurgical.com/,https://www.linkedin.com/company/sim-surgical/,51-200
Solis Agrosciences,Contract Services,Agriculture & Food,"Plant science company providing fast-turnaround genome editing, transformation, and trait development services to accelerate crop and ag biotech R&D.",Mid St. Louis County,"1100 Corporate Square Dr, Creve Coeur, Missouri 63132, US",https://solisagrosciences.com,https://www.linkedin.com/company/solis-agrosciences,11-50
Spearhead BIo,Research & Development,Pharmaceuticals,Biotechnology company developing novel peptide-based and targeted biologic therapies for inflammatory and metabolic diseases.,Mid St. Louis County,"975 North Warson Road Saint Louis, MO 63132",https://danforthtechnology.com/spearhead-bio/,https://www.linkedin.com/company/spearhead-bio/,2-10
SteadyMD,Business & Technical Services,Digital Health & Clinical Tech,"Virtual healthcare company that provides telehealth infrastructure, staffing, and regulatory support for digital health brands, clinics, and consumer health platforms.",St. Louis City,"30 Maryland Plaza 3rd Floor, St. Louis, MO 63108",https://www.steadymd.com/,https://www.linkedin.com/company/steadymd/,51-200
Steris,Contract Services,Medical Devices & Diagnostics,"STERIS operates major facilities in the St. Louis region that provide medical device sterilization, industrial decontamination, and contract sterilization services for healthcare, pharmaceutical, and life-science manufacturers.",Mid St. Louis County,"7501 Page Avenue St Louis, Missouri 63133",https://www.steris.com/,https://www.linkedin.com/company/steris-corporation/,10001
Sterling Pharma,Contract Services,Pharmaceuticals,"Sterling Pharma Solutions operates a large-scale facility in St. Louis that provides contract development, analytical services, and commercial manufacturing of small-molecule active pharmaceutical ingredients (APIs) and drug products for global pharmaceutical clients.",St. Clair County,"109 S 2nd St, Dupo, IL 62239",https://www.sterlingpharmasolutions.com/,https://www.linkedin.com/company/sterling-pharma-solutions/,1001-5000
SweetSpot,Business & Technical Services,Digital Health & Clinical Tech,Digital health company that delivers personalized metabolic coaching and real-time nutrition guidance using continuous glucose data to help users manage blood sugar and improve metabolic health.,St. Louis City,"4340 Duncan Ave, St Louis, Missouri 63110, US",https://www.sweetspot.health/,https://www.linkedin.com/company/sweetspotdiabetes/about/,2-10
Syndeavor Therapeutics,Research & Development,Pharmaceuticals,Biotech company developing small-molecule inhibitors of tumor metabolism aimed at personalized cancer treatment,,,,,2-10
SynerZ,Research & Development,Medical Devices & Diagnostics,"Medical device company developing a minimally invasive, endoscopically delivered device that mimics gastric bypass surgery to treat obesity and type 2 diabetes.",Mid St. Louis County,"10411 Clayton Road Suite 302 Saint Louis, MO 63131",,,
Thermo Fisher Scientific,Manufacturing & Production,Pharmaceuticals,"Thermo Fisher Scientific’s St. Louis facilities specialize in biologics development and large-scale contract manufacturing of viral vectors, cell therapies, and other advanced biologics for pharmaceutical and biotech clients.",North St. Louis County,"4766 La Guardia Dr, Berkeley, MO 63134",https://www.thermofisher.com,https://www.linkedin.com/company/thermo-fisher-scientific,10001
Varro Life Sciences ,"Tools, Instrumentation, & Platforms",Medical Devices & Diagnostics,"Biotech company developing ultra-fast, breath- and air-based biosensor devices capable of detecting airborne or aerosolized pathogens in real time.",St. Louis City,"20 South Sarah Street, St. Louis, MO 63108",https://varrobio.com/,https://www.linkedin.com/company/varrobio/,2-10
Vir Biotechnology,Research & Development,Pharmaceuticals,"Clinical-stage immunology company developing antibody, T-cell, and siRNA therapeutics to prevent and treat serious infectious diseases, including viral, respiratory, and chronic infections.",St. Louis City,"4240 Duncan AveSt. Louis, MO 63110",https://www.vir.bio,https://www.linkedin.com/company/vir-biotechnology-inc-,201-500
Wugen,Research & Development,Cancer/Oncology,"Clinical-stage biotechnology company developing off-the-shelf, gene-edited allogeneic CAR-T and NK cell therapies to treat solid tumors and hematologic cancers.",St. Louis City,"4260 Forest Park Ave Suite 100, St. Louis, MO 63108",https://wugen.com,https://www.linkedin.com/company/wugen-inc-,51-200
Young Dental,Manufacturing & Production,Medical Devices & Diagnostics,"Manufacturer of professional dental products, best known for producing prophy angles, pastes, and hygiene instruments used by dental clinicians worldwide.",North St. Louis County,"13705 Shoreline Ct E, Earth City, MO 63045",,https://younginnovations.com/,
Zeiss,"Tools, Instrumentation, & Platforms",Medical Devices & Diagnostics,"ZEISS’s St. Louis operations provide advanced optical, imaging, and metrology systems—including microscopes, ophthalmic equipment, and industrial inspection tools—for clinical, research, and manufacturing applications.",West St. Louis County,"13205 Manchester Rd #410, St. Louis, MO 63131",https://www.zeisgroup.com/,https://www.linkedin.com/company/zeiss/,10001